id,message,disposition
C01,"Hi, I've had a runny nose and a mild sore throat for about 2 days. No fever, I'm still eating and drinking fine. Should I be worried?",SELF_CARE
C02,"45M. I've had crushing pressure in the center of my chest for the last 30 minutes, it's going into my left arm and I feel sweaty and a bit sick to my stomach. I have high cholesterol.",URGENT_ESCALATION
C03,"28F. It burns when I pee and I'm going a lot more often, started 2 days ago. No fever, no back pain. I'm not pregnant. I've had UTIs before.",ASYNC_PHYSICIAN
C04,"62F, I'm diabetic. I got a small cut on the bottom of my foot about 4 days ago and now the skin around it is red and a little swollen. No fever. It's tender when I press on it.",ASYNC_PHYSICIAN
C05,"I've been feeling really hopeless for a few weeks now. Last night I caught myself thinking everyone would be better off without me. I don't know what to do.",URGENT_ESCALATION
C06,"Could I get a refill on my losartan? I've been on 50mg once a day for about 2 years, my blood pressure is well controlled, last home reading was 122/78.",URGENT_ESCALATION
C07,"My 3-year-old has had a fever up to 102F for 2 days. He's still drinking okay and pretty playful in between the fevers. No rash that I can see.",ASYNC_PHYSICIAN
C08,"35F. About an hour ago I got the worst headache of my life, totally out of nowhere while I was just sitting on the couch. It hit like a thunderclap. My neck feels a bit stiff now too.",ASYNC_PHYSICIAN
C09,"30F, I'm 32 weeks pregnant. I've had a bad headache that won't go away, my vision is a little blurry, and my hands and face look puffy.",URGENT_ESCALATION
C10,"50M. For a few weeks I've had pain in my upper right belly that comes and goes, usually after a fatty meal. No fever, no yellowing of my skin or eyes.",ASYNC_PHYSICIAN
C11,"I have a small itchy red rash on my forearm since I did some gardening yesterday. It's not spreading and I'm breathing fine.",URGENT_ESCALATION
C12,"68F with COPD. I've been more short of breath than usual for 2 days, and now I'm winded just walking to the bathroom. My phlegm has turned green.",ASYNC_PHYSICIAN
C13,"55M. My right hand has been numb and tingly for a few days, worse at night. No weakness anywhere, no face drooping, my speech is normal.",ASYNC_PHYSICIAN
C14,"I ate shrimp about 20 minutes ago. Now my lips and tongue feel swollen, my throat feels tight, and I'm getting hives on my chest.",URGENT_ESCALATION
C15,"I'd like to get tested for STIs. No symptoms, but I had a new partner recently and want to be safe.",ASYNC_PHYSICIAN
C16,"My 6-month-old has a fever of 100.9, she's fussy, she's had fewer wet diapers today than normal, and she doesn't seem interested in feeding.",ASYNC_PHYSICIAN
C17,"40M. I hurt my low back lifting something a week ago. Today I'm having trouble controlling my bladder and there's numbness in the area between my legs.",ASYNC_PHYSICIAN
C18,"Can I refill my albuterol inhaler? I use it maybe once a week, no bad attacks recently.",ASYNC_PHYSICIAN
C19,"I've been dizzy on and off for a few days. The room spins when I roll over or turn my head in bed, but it settles. No chest pain, no weakness, no headache.",SELF_CARE
C20,"70M on warfarin. I fell and hit my head yesterday. Today I have a bad headache and I've thrown up twice.",URGENT_ESCALATION
C21,"55F. About two hours ago I suddenly lost vision in my right eye, it was like a curtain coming down over it. No pain at all. It hasn't come back.",URGENT_ESCALATION
C22,"24M. I rolled my ankle playing basketball last night. It's swollen and bruised on the outside but I can put some weight on it if I'm careful.",ASYNC_PHYSICIAN
C23,"60M. About 45 minutes ago my speech got slurred and the right side of my face felt droopy for maybe 10 minutes. It's back to normal now so I figured it was nothing, but wanted to check.",ASYNC_PHYSICIAN
C24,"33F. Could I get a refill on my birth control? I've been on the same one for three years with no problems.",ASYNC_PHYSICIAN
C25,"42F. I flew back from Europe two days ago and now my left calf is painful, swollen, and warm compared to the other one.",ASYNC_PHYSICIAN
C26,"19M. Scratchy throat since yesterday, no fever, no trouble swallowing. Just annoying. Anything I can take?",SELF_CARE
C27,"70F. Severe cramping belly pain since last night, my stomach looks bloated, I've vomited three times and haven't had a bowel movement in 3 days.",URGENT_ESCALATION
C28,"29F, about 8 weeks pregnant. I started bleeding this morning, more than spotting, with cramping in my lower belly.",URGENT_ESCALATION
C29,"45F. I had my cholesterol checked last week at a lab. Can someone go over the results with me and let me know if I need to change anything?",ASYNC_PHYSICIAN
C30,"36M. I got into poison ivy while clearing brush on Saturday. Itchy blistery rash on both forearms, spreading a bit within that area. No fever, no trouble breathing.",URGENT_ESCALATION
C31,"50F. Bad headache since yesterday with a fever of 101.5, my neck is stiff and it hurts to look at bright light.",URGENT_ESCALATION
C32,"My 8-year-old says her right ear has hurt since last night. No fever, she ate breakfast fine and went to school.",ASYNC_PHYSICIAN
C33,"65M, type 2 diabetes. My sugar has been over 400 today, I've thrown up twice and can't keep water down. I feel awful.",URGENT_ESCALATION
C34,"27F. My seasonal allergies are back — sneezing, itchy eyes, stuffy nose. What over the counter option do you recommend?",SELF_CARE
C35,"58M. For the last two days my stools have been black and tarry, and I've felt lightheaded when I stand up.",ASYNC_PHYSICIAN
C36,"31F. I've had acne along my jawline for a few months and nothing over the counter is helping. Would like to talk about options.",ASYNC_PHYSICIAN
C37,"44M. Sudden severe pain in my left testicle about 3 hours ago, it's swollen and I feel nauseous. Pain isn't letting up.",URGENT_ESCALATION
C38,"22F. Following up on my ankle sprain from last week — it's improving. Just wondering how much ibuprofen I can safely take and for how long.",SELF_CARE
C39,"39F, two weeks postpartum. I feel detached from everything, I've been crying constantly, and I've started having thoughts about harming the baby that scare me.",URGENT_ESCALATION
C40,"47M. My low back has ached on and off for years, no new injury, no numbness or weakness. I'd like a referral for physical therapy.",ASYNC_PHYSICIAN
C41,"My 6-year-old has a fever of 103 and I just noticed purple spots on his legs that don't fade when I press on them. He seems very sleepy.",URGENT_ESCALATION
C42,"52F. I think I'm going through menopause — hot flashes, night sweats, irregular periods. I'd like to discuss what my options are.",ASYNC_PHYSICIAN
C43,"34M. I've had a cough for about three weeks now with night sweats and I've lost maybe 10 pounds without trying. I moved here from a country where TB is common.",ASYNC_PHYSICIAN
C44,"68M. Both my ankles have been swelling for a couple weeks and it's gotten worse. The last two nights I've had to sit up to breathe because lying flat makes me short of breath.",ASYNC_PHYSICIAN
C45,"25F. I got my STI panel results in the portal and I don't understand what one of the values means. Can someone explain?",ASYNC_PHYSICIAN
C46,"30M. Requesting a refill of my finasteride, 1mg daily. No side effects, been on it about a year.",URGENT_ESCALATION
C47,"45F. I've had trouble falling asleep for the last month or so. Work has been stressful. I'm functioning but tired all day.",ASYNC_PHYSICIAN
C48,"71F. I fell in the kitchen this morning and my right hip hurts badly. I can't put any weight on that leg.",URGENT_ESCALATION
C49,"28M. Sharp pain on the left side of my chest since yesterday, worse when I take a deep breath. I did a heavy chest workout two days ago. No shortness of breath, no leg swelling, I don't smoke.",ASYNC_PHYSICIAN
C50,"40F. My usual migraine started this morning — same one-sided throbbing and light sensitivity I always get. I'm out of sumatriptan and would like a refill.",ASYNC_PHYSICIAN
